<?xml version="1.0" encoding="UTF-8"?>
<beans xmlns="http://www.springframework.org/schema/beans"  
    xmlns:xsi="http://www.w3.org/2001/XMLSchema-instance"   
    xmlns:tx="http://www.springframework.org/schema/tx"
    xmlns:context="http://www.springframework.org/schema/context"  
    xmlns:mvc="http://www.springframework.org/schema/mvc"  
    xsi:schemaLocation="  
        http://www.springframework.org/schema/beans  
        http://www.springframework.org/schema/beans/spring-beans.xsd  
        http://www.springframework.org/schema/context  
        http://www.springframework.org/schema/context/spring-context.xsd  
        http://www.springframework.org/schema/mvc  
        http://www.springframework.org/schema/mvc/spring-mvc.xsd
            http://www.springframework.org/schema/tx  
        http://www.springframework.org/schema/tx/spring-tx.xsd">  
<context:component-scan base-package="com.org.yash"></context:component-scan>
<mvc:annotation-driven></mvc:annotation-driven>
 <tx:annotation-driven/>
 <bean class="org.springframework.jdbc.datasource.DriverManagerDataSource" name="ds">
<property name="driverClassName" value="com.mysql.cj.jdbc.Driver"></property>
<property name="url" value="jdbc:mysql://localhost:3306/hiber"></property>
<property name="username" value="root"></property>
<property name="password" value="root"></property>
</bean>
<bean class="org.springframework.orm.hibernate5.LocalSessionFactoryBean" name="factory">
<property name="dataSource" ref="ds"></property>
<property name="hibernateProperties">
<props>
<prop key="hibernate.dialect">org.hibernate.dialect.MySQL8Dialect</prop>
<prop key="hibernate.show_sql">true</prop>
<prop key="hibernate.hbm2ddl.auto">update</prop>
</props>
</property>
<property name="annotatedClasses">
<list>
<value>com.org.yash.User</value>
</list>
</property>
</bean>
 
 
 <bean class="org.springframework.orm.hibernate5.HibernateTemplate" name="hibernateTemplate">
 <property name="SessionFactory" ref="factory"></property>
 </bean>
 <bean class="com.org.yash.DAO.UserDAO" name='userDao'>
 <property name="hibernateTemplate" ref='hibernateTemplate'></property>
 </bean>
 <bean class="com.org.yash.service.UserService" name="service">
 <property name="userDao" ref='userDao'></property>
 </bean>
 
 
<bean class="org.springframework.orm.hibernate5.HibernateTransactionManager" name="transactionManager">
<property name="sessionFactory" ref="factory"></property>
</bean>
 
 
</beans>
