<?xml version="1.0" encoding="UTF-8"?>
<beans xmlns="http://www.springframework.org/schema/beans"
	xmlns:xsi="http://www.w3.org/2001/XMLSchema-instance"
	xmlns:p="http://www.springframework.org/schema/p"
	xmlns:c="http://www.springframework.org/schema/c"
	xsi:schemaLocation="http://www.springframework.org/schema/beans
 http://www.springframework.org/schema/beans/spring-beans.xsd">
 
	<bean class="springci.Employee" name="empci">
	<constructor-arg value="Yukta" />
	<constructor-arg value="10" type="int" />
	</bean>
	
	<bean class="springci.Employee" name="empci2">
	<constructor-arg>
	<value>Nidhi</value>
	</constructor-arg>
	<constructor-arg>
	<value>50</value>
	</constructor-arg>
	</bean>
	
	<bean class="springci.Employee" name="empci1" c:name="Yash" c:id="100" />
	</beans>