<?xml version="1.0" encoding="UTF-8"?>
<beans xmlns="http://www.springframework.org/schema/beans"
xmlns:xsi="http://www.w3.org/2001/XMLSchema-instance"
xmlns:p="http://www.springframework.org/schema/p"
xmlns:context="http://www.springframework.org/schema/context"
xsi:schemaLocation="http://www.springframework.org/schema/beans
http://www.springframework.org/schema/beans/spring-beans.xsd
http://www.springframework.org/schema/context
http://www.springframework.org/schema/context/spring-context.xsd">
     
 
    
    <context:annotation-config />
	<bean class="com.yash.springioc.auto.Address" name="address1">
	<property name="street" value="locationX" />
	<property name="city" value="Indore" />	
	</bean>
    <bean class="com.yash.springioc.auto.Address" name="address2">
	<property name="street" value="locationY" />
	<property name="city" value="Indore" />	
	</bean>
	<bean class="com.yash.springioc.auto.Employee" name="emp" />
	
</beans>