<?xml version="1.0" encoding="UTF-8"?>
<beans xmlns="http://www.springframework.org/schema/beans"
	xmlns:xsi="http://www.w3.org/2001/XMLSchema-instance"
	xmlns:p="http://www.springframework.org/schema/p"
	xsi:schemaLocation="http://www.springframework.org/schema/beans
 http://www.springframework.org/schema/beans/spring-beans.xsd">
 
	<bean class="springcollection.Collection" name="CollectionDemo">
	<property name="li">
	<list>
	<value>Red</value>
	<value>Green</value>
	<value>Blue</value>
	</list>
	</property>
	
	<property name="s">
	<set>
	<value>Red</value>
	<value>Green</value>
	<value>Green</value>
	<value>Blue</value>
	</set>
	</property>
	
	<property name="m">
	<map>
	<entry key="1" value="Red" />
	<entry key="2" value="Green" />
	<entry key="3" value="Blue" />
	</map>
	</property>
	
	</bean>
	</beans>