<?xml version="1.0" encoding="UTF-8"?>
<beans xmlns="http://www.springframework.org/schema/beans"
	xmlns:xsi="http://www.w3.org/2001/XMLSchema-instance"
	xmlns:p="http://www.springframework.org/schema/p"
	xsi:schemaLocation="http://www.springframework.org/schema/beans
 http://www.springframework.org/schema/beans/spring-beans.xsd">
 
	<bean class="springfirstapp.Employee" name="employee">
		<property name="name" value="yukta" />
        <property name="email" value="yukta.nagle@yash.com" />
	</bean>
	
	
	<bean class="springfirstapp.Employee" name="employee1">
		<property name="name">
		<value>Nidhi</value>
		</property>
        <property name="email">
        <value>nidhi@yash.com</value>
        </property>
	</bean>
	
	<bean class="springfirstapp.Employee" name="employee2" p:name="yash" p:email="yash@yash.com" />

</beans>